00200996b8f34f55a2dd2f44d316d107	too_many_parts(19>16)
005ae209d3144e8c8400aee164a5f24d	too_many_parts(20>16)
0061bfce34004900a726a881942b3bdc	too_many_parts(18>16)
006e21a7dd9a4f669c4e8cce35dde89d	too_many_parts(29>16)
007364a6437241acab30e0c5c588b165	too_many_parts(30>16)
008de46d1e9f48f2b571e6e2a6354388	too_many_parts(22>16)
0091e9f7dbd7410aa9839b1e32c929b4	too_many_parts(21>16)
009e0fdee2d2499e9596c2115d7a9ae3	too_many_parts(26>16)
00b810d9da2740d0b9ca5c331a7ce8d5	too_many_parts(18>16)
00cc533b3b9644109711f69ac07e9b86	too_many_parts(22>16)
00d063f1724b4695baaa4431dde24031	too_many_parts(21>16)
00fbd61044e7424abe32310209afea32	too_many_parts(22>16)
010e09c1b7b541469b6564fecb96b2de	too_many_parts(21>16)
01147e3b0cb443b2bd93f37f092fb39b	too_many_parts(27>16)
012194e3dbdc4e5192a88bcd3a1eb78b	too_many_parts(17>16)
014c656f5dd742c8acc126c232e11487	too_many_parts(21>16)
01502a4010794f5dba06e432253a17c4	too_many_parts(17>16)
0159081ec0924d28aa5bf82b86534185	too_many_parts(17>16)
015b769be16d4bb18a655b7bffffd9f4	too_many_parts(21>16)
01600c428e7a4961b3887252087168ef	too_many_parts(25>16)
01893d6934224c90a021ca9f1b592c59	too_many_parts(21>16)
018dc64f2f87402c87419d2d7cebfdeb	too_many_parts(25>16)
01aae01f4526474da700c33f9a06881b	too_many_parts(23>16)
01ba1ddf7c834632a68f37d466a4ac60	too_many_parts(19>16)
01c176fd6b204446b495f60056a7a064	too_many_parts(25>16)
01f98e92152d4d8386131ffe322f3210	too_many_parts(19>16)
02074af3625a46a3802e517f48b73e35	too_many_parts(18>16)
02086f4ead7546d88651e095135a3f38	too_many_parts(22>16)
021e0f6ddb18484a880a0b4020716261	too_many_parts(29>16)
023db999b4904f30a4f4ed786b7a2ad5	too_many_parts(28>16)
02509af34e6b4de385b5fdb49629ac33	too_many_parts(20>16)
025a1dbef1e04b259555ab0e38312a6b	too_many_parts(19>16)
02611cfa7b2141c1be56fdaa37d64747	too_many_parts(22>16)
0277f9cd99e84b39a9b96cfa7a52218b	too_many_parts(21>16)
02a1226e0c92416ca812fbf2a4423786	too_many_parts(29>16)
02a45a839a4b4e26ad65705e9345f443	too_many_parts(18>16)
02b13e7b9f4342db9a74fd60dcf2f795	too_many_parts(22>16)
02dc78559102457da34043608fc8ff25	too_many_parts(19>16)
02efed40749d4610bc22ed5af4efcc88	too_many_parts(25>16)
03022ca891e3440d815178003a466302	too_many_parts(24>16)
030c79dbd5af4fb4b7ad224582fd7990	too_many_parts(19>16)
0335a2fffa8a468ba881cbb97b7526d0	too_many_parts(23>16)
034a2b96da124c408638df5de1f40a04	too_many_parts(26>16)
0350d98db51b4e31bce0200b59176c64	too_many_parts(20>16)
03521864cc6345cb87888984c85b8565	too_many_parts(22>16)
0382e9a4716f427cb783641642831f24	too_many_parts(22>16)
03947aad87874c859ba1dcbb32bce6a0	too_many_parts(28>16)
03a7dca7363d468a8b75a88b1d4952f8	too_many_parts(19>16)
03ace16f3426415c9226805873250738	too_many_parts(19>16)
03d569d13ee040598f0958ffcb7857a6	too_many_parts(19>16)
03f0c3e169fe438191389f196ad7335b	too_many_parts(28>16)
03f5818674684e8bbcc5b37eabe01246	too_many_parts(30>16)
042111af77f4479a8abdf4a3c9e3725d	too_many_parts(18>16)
043212d853954a4ca3c63ce2d69b1d00	too_many_parts(21>16)
0437da77249749289956f8ed2ebff7f1	too_many_parts(18>16)
043c657178c84cf5a6eea8349f3b1077	too_many_parts(26>16)
04414aca298c468481fa0a4e6a4acd4b	too_many_parts(18>16)
04422b377e8a44edac32cc8a680a29cb	too_many_parts(17>16)
04436b5e908642bab1421085b9e658a5	too_many_parts(21>16)
04592a5b58884bc39e4e77dd7f3127e5	too_many_parts(24>16)
048058a3875849faba07e311a024ed4d	too_many_parts(19>16)
04983ae98e0845e2b6b4dbde14e41006	too_many_parts(29>16)
04a56c2f6bd246cb850261b22d6cc25c	too_many_parts(25>16)
04ada1675a5b49ed9a192a551c155b32	too_many_parts(18>16)
04b7edfe5f4647779d369ef87b0b31d6	too_many_parts(17>16)
04dee405db0a47b6b87a5527decb8e38	too_many_parts(21>16)
04e5919f76d34754ac12389a2a9f216a	too_many_parts(21>16)
04e68f0c8dfa4a17b08b93af6c3be1c5	too_many_parts(21>16)
04f767dad98b4f7e91fcc3aa4271ef71	too_many_parts(21>16)
04ff20d66c034fbf858924b7dc0cf7c0	too_many_parts(22>16)
0503091e416a45ee9f377ee5c2c2c28d	too_many_parts(19>16)
0509da9c9dda48ba88ee05bc8d74089c	too_many_parts(21>16)
05145c15fb2142d2bdb50056c1292e87	too_many_parts(22>16)
051480e5acf7492caf7ae6403bd72b7f	too_many_parts(18>16)
051f8331df5946e08e1c802adfa7a68f	too_many_parts(21>16)
053f74ed361a4a10a33a34cedbbe091e	too_many_parts(21>16)
05595de756c5454bacb28d6876da9818	too_many_parts(17>16)
05678f11f4fe47178c9b4941ee334e16	too_many_parts(21>16)
056fdcb3739a4eaf97eaefde8c0c7d9b	too_many_parts(17>16)
0579a70d5a1b4e0fac473bb6861eeac5	too_many_parts(23>16)
057d3cc6f28347ebbed704671909b756	too_many_parts(17>16)
0583c3c150164398af2e97bf9c92835d	too_many_parts(23>16)
058410c9a87a40b7b6cca72baba470c5	too_many_parts(21>16)
059449af9589489c9e573bdcf39a0333	too_many_parts(17>16)
059989d6f42f42378fde67da931b216e	too_many_parts(29>16)
05b24a45cb9c453c94ed7289a64f0169	too_many_parts(21>16)
05bfa671b39441ae85e601c27d8cfc05	too_many_parts(20>16)
05c21404422745acb803ce68ada3681d	too_many_parts(23>16)
05df4088ba9747c98c4719474686461b	too_many_parts(18>16)
05ecd3142b864c1da554fd27c829f786	too_many_parts(20>16)
05fc589d06964e5799152241d8308138	too_many_parts(20>16)
0602201c305d4b52a8064d62a06e7979	too_many_parts(19>16)
0624fad6e78d4772a4ed2a42294f0a7c	too_many_parts(24>16)
06261f6923de4fda80cbd518b10cdd5a	too_many_parts(18>16)
062e8dc75bdb46c5ba8015712e223f74	too_many_parts(27>16)
0630d7c8541e4f8abbeca96ef8f2bbc6	too_many_parts(17>16)
063639f3dc894258abbd63ed7ea00855	too_many_parts(26>16)
06368aba3d0c4b0f809edea3d3701e6c	too_many_parts(30>16)
063c54713a3b4604ad7fa04c064e6780	too_many_parts(17>16)
064044e22c11442ab804349e7da6a0be	too_many_parts(22>16)
064e8d4044104d3581923923c7835bba	too_many_parts(18>16)
065493a6675d47fab0c6f79bb3158fdb	too_many_parts(20>16)
065cb734d68446ec90e3b43da86a5530	too_many_parts(17>16)
0698dad7bd1547e38ecd8e0d8080e329	too_many_parts(22>16)
069c6f58c7714110a34514840b7b1657	too_many_parts(20>16)
06a0b560d0274169ba66d95ff0aebf05	too_many_parts(26>16)
06e6cd2dff1a4c13bba5cb3d1cd8f2a2	too_many_parts(18>16)
06fe5d805e674af3a7bfbe85918e1e5d	too_many_parts(18>16)
070eaa7368c34cca9b5c049814c1447a	too_many_parts(23>16)
07151f1261ba48dea7d406e50cec9f3e	too_many_parts(22>16)
072144aa1b344538b2f999a7a6fe7632	too_many_parts(19>16)
075ba7a6779a4820a704792caaf56622	too_many_parts(18>16)
0778342b6c60449faec2b0dc6a25e3a9	too_many_parts(17>16)
077bbe07d52f44c18ef9f30422d50ee5	too_many_parts(24>16)
077e0ef958454e06a5171dd2a9b33222	too_many_parts(17>16)
0783e35e798e4a72bee8fd1a027357a6	too_many_parts(24>16)
0797e97b272c43d59bfeb5821421c5eb	too_many_parts(19>16)
079f41aea433477788656b65fdea60a4	too_many_parts(19>16)
07aed37fa94a4e4689bcbff9e2f8ff5c	too_many_parts(22>16)
07bff62bc01e43678728587fe6404e03	too_many_parts(18>16)
07ca14d6100944b89cc83b207d258925	too_many_parts(18>16)
07ccc46b180a4a13831155d6400394b1	too_many_parts(23>16)
07cdf9f5f55c4b7a9be1e0057f7736f0	too_many_parts(23>16)
07ea930a732e41408e63de8e88ee0479	too_many_parts(17>16)
07ec19dae8894c1fa827356878cbd176	too_many_parts(29>16)
07ec603a00a24b03aab34b82a296a0d8	too_many_parts(19>16)
07ef44f8e67b4fb1b4f002074b0f343b	too_many_parts(27>16)
082e081ecea94a6aaa8c7bb72ec9136b	too_many_parts(21>16)
0836e1ae74f344d7b2db5c426423809f	too_many_parts(21>16)
0840914c48d94705a0143aca068ac985	too_many_parts(23>16)
0860a86d4d644b2184e301bab28b5267	too_many_parts(19>16)
0876f44c6a8d4e5bbb2905dd15b65c20	too_many_parts(19>16)
088ae43a741b47a6a18ebeb2fc8525be	too_many_parts(22>16)
08ccca74a0594fd999acaf4cfbd597e0	too_many_parts(19>16)
08dde457a8944bfe81ce2fddf38bc4e7	too_many_parts(21>16)
08e3966520d44f0ab0355596d54c6e3d	too_many_parts(17>16)
09140bad39e34cc686665f61294bf40e	too_many_parts(22>16)
093a7f86f5534e48941c53801c8b7ab4	too_many_parts(27>16)
09415b04c271474a9757c53a7e27c414	too_many_parts(20>16)
0965711a35f04102b6e739e68441be2d	too_many_parts(23>16)
096ce766869347e8b4988933f4271e77	too_many_parts(18>16)
0978fbf1f66f421f8b0cd896a191ab29	too_many_parts(27>16)
099a35cbfc2845eaabbe29de4c73d605	too_many_parts(18>16)
099ba135146344b3bdfc04c79d77ebc4	too_many_parts(17>16)
099fef1a5d874c5a9c7192ee7ce30334	too_many_parts(18>16)
09a6276619464b659ce5e9e8c11639ed	too_many_parts(18>16)
09aa97bd5b0541bd929032ab7ba59fc8	too_many_parts(22>16)
09ac59ede208492695ee55afe72d7f94	too_many_parts(22>16)
09b1b3c406dd444dae8e1dee3f8e747f	too_many_parts(22>16)
09be27c7f2a9459082384bb382f8cea7	too_many_parts(21>16)
09d453cd0236444180386de154ade9bf	too_many_parts(21>16)
09d718c9cf72401b8534d265a06a803f	too_many_parts(17>16)
09e5a65410b1477a82ccf74277291c40	too_many_parts(28>16)
0a091061da9449578e1252a584a8f533	too_many_parts(22>16)
0a0fe027a28949fab36e14d25e3ccbcf	too_many_parts(20>16)
0a153a11e26c451bab48f3d20ff61df4	too_many_parts(22>16)
0a32aefd95734a23b86982a4e8cc601e	too_many_parts(19>16)
0a358e9f67e14f998cb5fb3d2b0edb8f	too_many_parts(17>16)
0a3b81274d694e958408d494eaa6b36e	too_many_parts(24>16)
0a44101ad76c4d7b86e17938d84007f5	too_many_parts(18>16)
0a4ec2d937f64931b665604936009d13	too_many_parts(20>16)
0a629ab43de44ac69f8df95e6788542b	too_many_parts(25>16)
0a7b84a1c1504595b5422eff040fddd5	too_many_parts(19>16)
0a84823e457242dfa471e39aed9942c3	too_many_parts(23>16)
0a8d090ebcb745dabbc6f92a0f5bf724	too_many_parts(28>16)
0a939a5661bd45a283ed4ec4bdf222e7	too_many_parts(30>16)
0a9cf5a2638f4a59be2d6e5a0d89c1f6	too_many_parts(24>16)
0a9d39f8926d480bb7d003514de88877	too_many_parts(28>16)
0aa08805d8b942aa91f17e9a9a54c4cf	too_many_parts(24>16)
0ab63abf91ce42dcb19e9d9175816628	too_many_parts(17>16)
0ac24b711de04bacbb154dca1af695f5	too_many_parts(27>16)
0ada01653521486292e176389018b256	too_many_parts(17>16)
0ae02ae788d8403ea4c6af4719dec9f6	too_many_parts(17>16)
0ae7f28a376d4758abf9f9de30b989c1	too_many_parts(18>16)
0af36b8200b541ee91e63fa3d0866b2e	too_many_parts(21>16)
0afd314cb9e2423bb8e2a86b7adb5bd2	too_many_parts(23>16)
0b052b2899b546328b57d86371a7b441	too_many_parts(19>16)
0b72950173424b36aa73e07b94cfd0c5	too_many_parts(19>16)
0b7f72bf796a4fcdb3591a3faa4b04af	too_many_parts(24>16)
0b80225d9385467782c6cdfc1120110d	too_many_parts(18>16)
0ba8156ff91a4d58b2ac52ca8d70f887	too_many_parts(26>16)
0badf08dca51404fb014f700959b3dbb	too_many_parts(19>16)
0bc00c7cd32c4d6da2098fbc2ab1eff0	too_many_parts(20>16)
0bc70e765e214e5f9fe926a10c03153b	too_many_parts(22>16)
0bce9943f5a544b9884884db340432f5	too_many_parts(24>16)
0be87d819adc4dbcac5b434031db3e9c	too_many_parts(19>16)
0beb7dcc43d64c57b6909d80b4b1c4c8	too_many_parts(17>16)
0bed3a0cfb2741df8771d2cf38ce51c4	too_many_parts(17>16)
0bf438c24bc54931a90bde21257de31f	too_many_parts(19>16)
0c032841b93a471195cdb2fdff280844	too_many_parts(19>16)
0c0a0301539c4cbc82f6f42c171dfaf3	too_many_parts(23>16)
0c1e8c7de0d9477787d8d7c482a10342	too_many_parts(17>16)
0c22454cb6164661b0d3039d4c6f47c3	too_many_parts(20>16)
0c54d70899584693b499cfb2befb2b1b	too_many_parts(21>16)
0c6400a28cd54149beb2ca8cc957f253	too_many_parts(19>16)
0c67bd4b99924c94a62ce461c0af5622	too_many_parts(17>16)
0c7c7712a3734873a74bd21e9433aad6	too_many_parts(27>16)
0c900702fcbd44548cdb29f345ebeda9	too_many_parts(25>16)
0ca13889afeb47f28cafd2803c2ddc70	too_many_parts(18>16)
0ca222aa0f9d40ec8fa6ea9fc5db7166	too_many_parts(25>16)
0cbb294a47e74ba0899bca2b7382113b	too_many_parts(23>16)
0cd80022df1f472880af56f10e5f7723	too_many_parts(22>16)
0cfbcee37b1b46cf876ea687c2760b41	too_many_parts(20>16)
0d1a2db242c54a8090df3d03c26eb501	too_many_parts(23>16)
0d2468cfdef04bfdaac4b5b3a0de4f2d	too_many_parts(21>16)
0d5dc646c1884558a555eb5211a2a1ee	too_many_parts(23>16)
0d9a45c2610f4f3aa638dabd8e29a492	too_many_parts(17>16)
0dacac11742f4b939f338fb71fcf332f	too_many_parts(19>16)
0db963061cdd4c348b0e3335cb51dc00	too_many_parts(24>16)
0dc178a46af14a138454ae05aeb27116	too_many_parts(24>16)
0dc206b250ae4097bac3a599b439ea1e	too_many_parts(23>16)
0dcaae9d54964b159624197b2f40f52c	too_many_parts(22>16)
0dd49bcf03894c208e3e6f9a17909f9a	too_many_parts(20>16)
0dd92a815e45409e8603c52806b93214	too_many_parts(20>16)
0ddc0ee119d54f32874de5bb2616788b	too_many_parts(19>16)
0de6ddeac5b544f0b0890ecdb8bcfa8a	too_many_parts(27>16)
0df9185ab49f43569d12684fe60c759e	too_many_parts(29>16)
0dfe9109e56940a79a6972630c231a9c	too_many_parts(17>16)
0e1d2ee8017c44cf9931627a2fd2d7e7	too_many_parts(26>16)
0e1f16189e8b4b4d9d9c3c60893d692b	too_many_parts(21>16)
0e249864d1df49818ef2c03c336a934c	too_many_parts(26>16)
0e30b9b3823343f1a93d9dad91a8fdae	too_many_parts(19>16)
0e3b66ca7cae4205a27104f212472cb4	too_many_parts(22>16)
0e3f9cf03b344d8084567aeff8a599b1	too_many_parts(17>16)
0e50ef2222cc4495bb87c3dd32c507ef	too_many_parts(24>16)
0e686a4ed8224aab89184b3e90516d05	too_many_parts(21>16)
0e777fbf516f437ebe4e5517b84284df	too_many_parts(17>16)
0e7fb67e24f9424b9c870e4df8420e17	too_many_parts(25>16)
0e8ff87ffaa24731b2474badebca870d	too_many_parts(21>16)
0eab0b487e11478186f3ba6f5bf14a44	too_many_parts(17>16)
0ec7f9783564441ea41fec60824632ce	too_many_parts(20>16)
0ee17b4df9d84aa5ba6f689037164a5f	too_many_parts(22>16)
0ee4c65face949efa4500deb17c79150	too_many_parts(23>16)
0eef3c24975949b191484fcdb6b74f62	too_many_parts(24>16)
0f0da4f2745b4b9590143d615cbf4920	too_many_parts(21>16)
0f1281c9f8914eecab6d8b77522bce2e	too_many_parts(27>16)
0f1e65af8c914b4ab61a6293bc841522	too_many_parts(18>16)
0f25aaf084644cb793566c7ab082bfa5	too_many_parts(25>16)
0f3faba6da60412d99aa1dd857893e73	too_many_parts(30>16)
0f7d7f7378934a539f77c0f7c2426b7e	too_many_parts(19>16)
0f81ff8ac9f44436b1750f06d1333967	too_many_parts(18>16)
0f8c7272441f49bc981d7615198384d9	too_many_parts(17>16)
0fabba688be544a8abc7462d55f0732c	too_many_parts(29>16)
0fb0e3138d1b475c838a0fcf84011736	too_many_parts(17>16)
0fc775e6b5304c8d83d028cade22e6fb	too_many_parts(17>16)
0fcd4f5e7f0f49468498456750752a2c	too_many_parts(28>16)
0fd28551df7e4a12a6d40c9671662c2c	too_many_parts(18>16)
0fe7f08c1de242aeaa283b44cbcd3c7b	too_many_parts(28>16)
0ff4a74a77194c6aa63a5f37d23f40c2	too_many_parts(20>16)
0ff8cd205389458ebceb28ac77888761	too_many_parts(19>16)
1001dbec1c5c4679825cd65690d39b7f	too_many_parts(24>16)
10256b7c1ad040b7bcebc60bd85fe8ab	too_many_parts(17>16)
10493cc2004a4681b71a38cf15087bd5	too_many_parts(18>16)
10830bb450bc459593a7920643ce460a	too_many_parts(24>16)
1086f099c2ab4dfb80e38c641c311c1b	too_many_parts(24>16)
109ef10964dc404089507fc33aad2982	too_many_parts(18>16)
10b2bb7a9e3f4491b5caa278eb4aae4a	too_many_parts(20>16)
10b6f39710bf4291b89e974aee8d7ab7	too_many_parts(22>16)
10c81ead5c364f37bc5ba129bdc8b4de	too_many_parts(28>16)
10ec393cf75c40cf8fe0c89db0b9f3a5	too_many_parts(18>16)
10f3916872c84358900ad179c92c5d41	too_many_parts(17>16)
10ffb29ca0344addba8acc99414a03fb	too_many_parts(19>16)
112aec89ebcd4688b915a1a1324ad646	too_many_parts(29>16)
1130f15336b34c0b9cc92ed144c2568e	too_many_parts(21>16)
1131b2f947634b54b09ceaaae80dcc02	too_many_parts(23>16)
1135a60233cf414892672dc7f30c41f7	too_many_parts(25>16)
1136765572884d5181ec4fa2049c41f2	too_many_parts(21>16)
113c17b9a3eb4d23bd112213cc302ab0	too_many_parts(20>16)
11446cb67a7d439c8a4f70aba37df866	too_many_parts(19>16)
1163076a58f442feb57d72fe2dd1d0ff	too_many_parts(25>16)
